STATISTIC Label,Year,Single Year of Age,Sex,UNIT,VALUE
Population estimates from 1926,2020,All ages,Both sexes,Number,5029875
Population estimates from 1926,2020,All ages,Male,Number,2491778
Population estimates from 1926,2020,All ages,Female,Number,2538097
Population estimates from 1926,2020,Under 1 year,Both sexes,Number,58167
Population estimates from 1926,2020,Under 1 year,Male,Number,29845
Population estimates from 1926,2020,Under 1 year,Female,Number,28322
Population estimates from 1926,2020,1 year,Both sexes,Number,59948
Population estimates from 1926,2020,1 year,Male,Number,30775
Population estimates from 1926,2020,1 year,Female,Number,29173
Population estimates from 1926,2020,2 years,Both sexes,Number,62394
Population estimates from 1926,2020,2 years,Male,Number,32266
Population estimates from 1926,2020,2 years,Female,Number,30128
Population estimates from 1926,2020,3 years,Both sexes,Number,64610
Population estimates from 1926,2020,3 years,Male,Number,33299
Population estimates from 1926,2020,3 years,Female,Number,31311
Population estimates from 1926,2020,4 years,Both sexes,Number,63589
Population estimates from 1926,2020,4 years,Male,Number,32568
Population estimates from 1926,2020,4 years,Female,Number,31021
Population estimates from 1926,2020,5 years,Both sexes,Number,65761
Population estimates from 1926,2020,5 years,Male,Number,33873
Population estimates from 1926,2020,5 years,Female,Number,31888
Population estimates from 1926,2020,6 years,Both sexes,Number,68312
Population estimates from 1926,2020,6 years,Male,Number,35152
Population estimates from 1926,2020,6 years,Female,Number,33160
Population estimates from 1926,2020,7 years,Both sexes,Number,69872
Population estimates from 1926,2020,7 years,Male,Number,35756
Population estimates from 1926,2020,7 years,Female,Number,34116
Population estimates from 1926,2020,8 years,Both sexes,Number,72428
Population estimates from 1926,2020,8 years,Male,Number,37182
Population estimates from 1926,2020,8 years,Female,Number,35246
Population estimates from 1926,2020,9 years,Both sexes,Number,73840
Population estimates from 1926,2020,9 years,Male,Number,37650
Population estimates from 1926,2020,9 years,Female,Number,36190
Population estimates from 1926,2020,10 years,Both sexes,Number,74085
Population estimates from 1926,2020,10 years,Male,Number,37947
Population estimates from 1926,2020,10 years,Female,Number,36138
Population estimates from 1926,2020,11 years,Both sexes,Number,73529
Population estimates from 1926,2020,11 years,Male,Number,37643
Population estimates from 1926,2020,11 years,Female,Number,35886
Population estimates from 1926,2020,12 years,Both sexes,Number,72540
Population estimates from 1926,2020,12 years,Male,Number,36981
Population estimates from 1926,2020,12 years,Female,Number,35559
Population estimates from 1926,2020,13 years,Both sexes,Number,68371
Population estimates from 1926,2020,13 years,Male,Number,35070
Population estimates from 1926,2020,13 years,Female,Number,33301
Population estimates from 1926,2020,14 years,Both sexes,Number,66205
Population estimates from 1926,2020,14 years,Male,Number,33936
Population estimates from 1926,2020,14 years,Female,Number,32269
Population estimates from 1926,2020,15 years,Both sexes,Number,66051
Population estimates from 1926,2020,15 years,Male,Number,33979
Population estimates from 1926,2020,15 years,Female,Number,32072
Population estimates from 1926,2020,16 years,Both sexes,Number,66505
Population estimates from 1926,2020,16 years,Male,Number,33768
Population estimates from 1926,2020,16 years,Female,Number,32737
Population estimates from 1926,2020,17 years,Both sexes,Number,65629
Population estimates from 1926,2020,17 years,Male,Number,33272
Population estimates from 1926,2020,17 years,Female,Number,32357
Population estimates from 1926,2020,18 years,Both sexes,Number,65313
Population estimates from 1926,2020,18 years,Male,Number,33028
Population estimates from 1926,2020,18 years,Female,Number,32285
Population estimates from 1926,2020,19 years,Both sexes,Number,63920
Population estimates from 1926,2020,19 years,Male,Number,32342
Population estimates from 1926,2020,19 years,Female,Number,31578
Population estimates from 1926,2020,20 years,Both sexes,Number,63509
Population estimates from 1926,2020,20 years,Male,Number,32422
Population estimates from 1926,2020,20 years,Female,Number,31087
Population estimates from 1926,2020,21 years,Both sexes,Number,63847
Population estimates from 1926,2020,21 years,Male,Number,32598
Population estimates from 1926,2020,21 years,Female,Number,31249
Population estimates from 1926,2020,22 years,Both sexes,Number,63739
Population estimates from 1926,2020,22 years,Male,Number,32570
Population estimates from 1926,2020,22 years,Female,Number,31169
Population estimates from 1926,2020,23 years,Both sexes,Number,60852
Population estimates from 1926,2020,23 years,Male,Number,31023
Population estimates from 1926,2020,23 years,Female,Number,29829
Population estimates from 1926,2020,24 years,Both sexes,Number,58558
Population estimates from 1926,2020,24 years,Male,Number,29808
Population estimates from 1926,2020,24 years,Female,Number,28750
Population estimates from 1926,2020,25 years,Both sexes,Number,58216
Population estimates from 1926,2020,25 years,Male,Number,29157
Population estimates from 1926,2020,25 years,Female,Number,29059
Population estimates from 1926,2020,26 years,Both sexes,Number,58152
Population estimates from 1926,2020,26 years,Male,Number,29082
Population estimates from 1926,2020,26 years,Female,Number,29070
Population estimates from 1926,2020,27 years,Both sexes,Number,58318
Population estimates from 1926,2020,27 years,Male,Number,29288
Population estimates from 1926,2020,27 years,Female,Number,29030
Population estimates from 1926,2020,28 years,Both sexes,Number,59654
Population estimates from 1926,2020,28 years,Male,Number,29464
Population estimates from 1926,2020,28 years,Female,Number,30190
Population estimates from 1926,2020,29 years,Both sexes,Number,62026
Population estimates from 1926,2020,29 years,Male,Number,31059
Population estimates from 1926,2020,29 years,Female,Number,30967
Population estimates from 1926,2020,30 years,Both sexes,Number,62000
Population estimates from 1926,2020,30 years,Male,Number,30603
Population estimates from 1926,2020,30 years,Female,Number,31397
Population estimates from 1926,2020,31 years,Both sexes,Number,65626
Population estimates from 1926,2020,31 years,Male,Number,32265
Population estimates from 1926,2020,31 years,Female,Number,33361
Population estimates from 1926,2020,32 years,Both sexes,Number,64306
Population estimates from 1926,2020,32 years,Male,Number,31149
Population estimates from 1926,2020,32 years,Female,Number,33157
Population estimates from 1926,2020,33 years,Both sexes,Number,67816
Population estimates from 1926,2020,33 years,Male,Number,32665
Population estimates from 1926,2020,33 years,Female,Number,35151
Population estimates from 1926,2020,34 years,Both sexes,Number,71837
Population estimates from 1926,2020,34 years,Male,Number,34565
Population estimates from 1926,2020,34 years,Female,Number,37272
Population estimates from 1926,2020,35 years,Both sexes,Number,71964
Population estimates from 1926,2020,35 years,Male,Number,34707
Population estimates from 1926,2020,35 years,Female,Number,37257
Population estimates from 1926,2020,36 years,Both sexes,Number,74825
Population estimates from 1926,2020,36 years,Male,Number,35989
Population estimates from 1926,2020,36 years,Female,Number,38836
Population estimates from 1926,2020,37 years,Both sexes,Number,78509
Population estimates from 1926,2020,37 years,Male,Number,37563
Population estimates from 1926,2020,37 years,Female,Number,40946
Population estimates from 1926,2020,38 years,Both sexes,Number,80545
Population estimates from 1926,2020,38 years,Male,Number,38855
Population estimates from 1926,2020,38 years,Female,Number,41690
Population estimates from 1926,2020,39 years,Both sexes,Number,83941
Population estimates from 1926,2020,39 years,Male,Number,40998
Population estimates from 1926,2020,39 years,Female,Number,42943
Population estimates from 1926,2020,40 years,Both sexes,Number,85493
Population estimates from 1926,2020,40 years,Male,Number,41950
Population estimates from 1926,2020,40 years,Female,Number,43543
Population estimates from 1926,2020,41 years,Both sexes,Number,79733
Population estimates from 1926,2020,41 years,Male,Number,38620
Population estimates from 1926,2020,41 years,Female,Number,41113
Population estimates from 1926,2020,42 years,Both sexes,Number,77082
Population estimates from 1926,2020,42 years,Male,Number,37892
Population estimates from 1926,2020,42 years,Female,Number,39190
Population estimates from 1926,2020,43 years,Both sexes,Number,75710
Population estimates from 1926,2020,43 years,Male,Number,37227
Population estimates from 1926,2020,43 years,Female,Number,38483
Population estimates from 1926,2020,44 years,Both sexes,Number,76262
Population estimates from 1926,2020,44 years,Male,Number,37813
Population estimates from 1926,2020,44 years,Female,Number,38449
Population estimates from 1926,2020,45 years,Both sexes,Number,74993
Population estimates from 1926,2020,45 years,Male,Number,37096
Population estimates from 1926,2020,45 years,Female,Number,37897
Population estimates from 1926,2020,46 years,Both sexes,Number,73690
Population estimates from 1926,2020,46 years,Male,Number,36444
Population estimates from 1926,2020,46 years,Female,Number,37246
Population estimates from 1926,2020,47 years,Both sexes,Number,72619
Population estimates from 1926,2020,47 years,Male,Number,36138
Population estimates from 1926,2020,47 years,Female,Number,36481
Population estimates from 1926,2020,48 years,Both sexes,Number,70635
Population estimates from 1926,2020,48 years,Male,Number,35162
Population estimates from 1926,2020,48 years,Female,Number,35473
Population estimates from 1926,2020,49 years,Both sexes,Number,70686
Population estimates from 1926,2020,49 years,Male,Number,35233
Population estimates from 1926,2020,49 years,Female,Number,35453
Population estimates from 1926,2020,50 years,Both sexes,Number,67655
Population estimates from 1926,2020,50 years,Male,Number,33770
Population estimates from 1926,2020,50 years,Female,Number,33885
Population estimates from 1926,2020,51 years,Both sexes,Number,64312
Population estimates from 1926,2020,51 years,Male,Number,32275
Population estimates from 1926,2020,51 years,Female,Number,32037
Population estimates from 1926,2020,52 years,Both sexes,Number,63491
Population estimates from 1926,2020,52 years,Male,Number,31577
Population estimates from 1926,2020,52 years,Female,Number,31914
Population estimates from 1926,2020,53 years,Both sexes,Number,62203
Population estimates from 1926,2020,53 years,Male,Number,30940
Population estimates from 1926,2020,53 years,Female,Number,31263
Population estimates from 1926,2020,54 years,Both sexes,Number,62262
Population estimates from 1926,2020,54 years,Male,Number,30817
Population estimates from 1926,2020,54 years,Female,Number,31445
Population estimates from 1926,2020,55 years,Both sexes,Number,62037
Population estimates from 1926,2020,55 years,Male,Number,30529
Population estimates from 1926,2020,55 years,Female,Number,31508
Population estimates from 1926,2020,56 years,Both sexes,Number,60441
Population estimates from 1926,2020,56 years,Male,Number,29714
Population estimates from 1926,2020,56 years,Female,Number,30727
Population estimates from 1926,2020,57 years,Both sexes,Number,59055
Population estimates from 1926,2020,57 years,Male,Number,29062
Population estimates from 1926,2020,57 years,Female,Number,29993
Population estimates from 1926,2020,58 years,Both sexes,Number,57145
Population estimates from 1926,2020,58 years,Male,Number,28246
Population estimates from 1926,2020,58 years,Female,Number,28899
Population estimates from 1926,2020,59 years,Both sexes,Number,57346
Population estimates from 1926,2020,59 years,Male,Number,28266
Population estimates from 1926,2020,59 years,Female,Number,29080
Population estimates from 1926,2020,60 years,Both sexes,Number,54796
Population estimates from 1926,2020,60 years,Male,Number,26829
Population estimates from 1926,2020,60 years,Female,Number,27967
Population estimates from 1926,2020,61 years,Both sexes,Number,54357
Population estimates from 1926,2020,61 years,Male,Number,26930
Population estimates from 1926,2020,61 years,Female,Number,27427
Population estimates from 1926,2020,62 years,Both sexes,Number,52086
Population estimates from 1926,2020,62 years,Male,Number,25609
Population estimates from 1926,2020,62 years,Female,Number,26477
Population estimates from 1926,2020,63 years,Both sexes,Number,50788
Population estimates from 1926,2020,63 years,Male,Number,25076
Population estimates from 1926,2020,63 years,Female,Number,25712
Population estimates from 1926,2020,64 years,Both sexes,Number,49574
Population estimates from 1926,2020,64 years,Male,Number,24487
Population estimates from 1926,2020,64 years,Female,Number,25087
Population estimates from 1926,2020,65 years,Both sexes,Number,48726
Population estimates from 1926,2020,65 years,Male,Number,24047
Population estimates from 1926,2020,65 years,Female,Number,24679
Population estimates from 1926,2020,66 years,Both sexes,Number,47147
Population estimates from 1926,2020,66 years,Male,Number,23283
Population estimates from 1926,2020,66 years,Female,Number,23864
Population estimates from 1926,2020,67 years,Both sexes,Number,46018
Population estimates from 1926,2020,67 years,Male,Number,22726
Population estimates from 1926,2020,67 years,Female,Number,23292
Population estimates from 1926,2020,68 years,Both sexes,Number,44637
Population estimates from 1926,2020,68 years,Male,Number,21951
Population estimates from 1926,2020,68 years,Female,Number,22686
Population estimates from 1926,2020,69 years,Both sexes,Number,42189
Population estimates from 1926,2020,69 years,Male,Number,20958
Population estimates from 1926,2020,69 years,Female,Number,21231
Population estimates from 1926,2020,70 years,Both sexes,Number,41504
Population estimates from 1926,2020,70 years,Male,Number,20269
Population estimates from 1926,2020,70 years,Female,Number,21235
Population estimates from 1926,2020,71 years,Both sexes,Number,39973
Population estimates from 1926,2020,71 years,Male,Number,19614
Population estimates from 1926,2020,71 years,Female,Number,20359
Population estimates from 1926,2020,72 years,Both sexes,Number,38803
Population estimates from 1926,2020,72 years,Male,Number,19136
Population estimates from 1926,2020,72 years,Female,Number,19667
Population estimates from 1926,2020,73 years,Both sexes,Number,36977
Population estimates from 1926,2020,73 years,Male,Number,18147
Population estimates from 1926,2020,73 years,Female,Number,18830
Population estimates from 1926,2020,74 years,Both sexes,Number,35253
Population estimates from 1926,2020,74 years,Male,Number,17163
Population estimates from 1926,2020,74 years,Female,Number,18090
Population estimates from 1926,2020,75 years,Both sexes,Number,33706
Population estimates from 1926,2020,75 years,Male,Number,16254
Population estimates from 1926,2020,75 years,Female,Number,17452
Population estimates from 1926,2020,76 years,Both sexes,Number,29527
Population estimates from 1926,2020,76 years,Male,Number,14243
Population estimates from 1926,2020,76 years,Female,Number,15284
Population estimates from 1926,2020,77 years,Both sexes,Number,27236
Population estimates from 1926,2020,77 years,Male,Number,12859
Population estimates from 1926,2020,77 years,Female,Number,14377
Population estimates from 1926,2020,78 years,Both sexes,Number,25735
Population estimates from 1926,2020,78 years,Male,Number,12214
Population estimates from 1926,2020,78 years,Female,Number,13521
Population estimates from 1926,2020,79 years,Both sexes,Number,22294
Population estimates from 1926,2020,79 years,Male,Number,10372
Population estimates from 1926,2020,79 years,Female,Number,11922
Population estimates from 1926,2020,80 years,Both sexes,Number,21353
Population estimates from 1926,2020,80 years,Male,Number,9899
Population estimates from 1926,2020,80 years,Female,Number,11454
Population estimates from 1926,2020,81 years,Both sexes,Number,19682
Population estimates from 1926,2020,81 years,Male,Number,8923
Population estimates from 1926,2020,81 years,Female,Number,10759
Population estimates from 1926,2020,82 years,Both sexes,Number,17828
Population estimates from 1926,2020,82 years,Male,Number,7931
Population estimates from 1926,2020,82 years,Female,Number,9897
Population estimates from 1926,2020,83 years,Both sexes,Number,16521
Population estimates from 1926,2020,83 years,Male,Number,7311
Population estimates from 1926,2020,83 years,Female,Number,9210
Population estimates from 1926,2020,84 years,Both sexes,Number,15409
Population estimates from 1926,2020,84 years,Male,Number,6662
Population estimates from 1926,2020,84 years,Female,Number,8747
Population estimates from 1926,2020,85 years,Both sexes,Number,13585
Population estimates from 1926,2020,85 years,Male,Number,5721
Population estimates from 1926,2020,85 years,Female,Number,7864
Population estimates from 1926,2020,86 years,Both sexes,Number,11430
Population estimates from 1926,2020,86 years,Male,Number,4731
Population estimates from 1926,2020,86 years,Female,Number,6699
Population estimates from 1926,2020,87 years,Both sexes,Number,9583
Population estimates from 1926,2020,87 years,Male,Number,3915
Population estimates from 1926,2020,87 years,Female,Number,5668
Population estimates from 1926,2020,88 years,Both sexes,Number,8342
Population estimates from 1926,2020,88 years,Male,Number,3265
Population estimates from 1926,2020,88 years,Female,Number,5077
Population estimates from 1926,2020,89 years,Both sexes,Number,7368
Population estimates from 1926,2020,89 years,Male,Number,2862
Population estimates from 1926,2020,89 years,Female,Number,4506
Population estimates from 1926,2020,90 years,Both sexes,Number,6250
Population estimates from 1926,2020,90 years,Male,Number,2150
Population estimates from 1926,2020,90 years,Female,Number,4100
Population estimates from 1926,2020,91 years,Both sexes,Number,5207
Population estimates from 1926,2020,91 years,Male,Number,1651
Population estimates from 1926,2020,91 years,Female,Number,3556
Population estimates from 1926,2020,92 years,Both sexes,Number,3962
Population estimates from 1926,2020,92 years,Male,Number,1232
Population estimates from 1926,2020,92 years,Female,Number,2730
Population estimates from 1926,2020,93 years,Both sexes,Number,2874
Population estimates from 1926,2020,93 years,Male,Number,714
Population estimates from 1926,2020,93 years,Female,Number,2160
Population estimates from 1926,2020,94 years,Both sexes,Number,2461
Population estimates from 1926,2020,94 years,Male,Number,685
Population estimates from 1926,2020,94 years,Female,Number,1776
Population estimates from 1926,2020,95 years,Both sexes,Number,1453
Population estimates from 1926,2020,95 years,Male,Number,367
Population estimates from 1926,2020,95 years,Female,Number,1086
Population estimates from 1926,2020,96 years,Both sexes,Number,853
Population estimates from 1926,2020,96 years,Male,Number,151
Population estimates from 1926,2020,96 years,Female,Number,702
Population estimates from 1926,2020,97 years,Both sexes,Number,744
Population estimates from 1926,2020,97 years,Male,Number,204
Population estimates from 1926,2020,97 years,Female,Number,540
Population estimates from 1926,2020,98 years,Both sexes,Number,435
Population estimates from 1926,2020,98 years,Male,Number,102
Population estimates from 1926,2020,98 years,Female,Number,333
Population estimates from 1926,2020,99 years and over,Both sexes,Number,1050
Population estimates from 1926,2020,99 years and over,Male,Number,202
Population estimates from 1926,2020,99 years and over,Female,Number,848
Population estimates from 1926,2021,All ages,Both sexes,Number,5074668
Population estimates from 1926,2021,All ages,Male,Number,2514023
Population estimates from 1926,2021,All ages,Female,Number,2560645
Population estimates from 1926,2021,Under 1 year,Both sexes,Number,55868
Population estimates from 1926,2021,Under 1 year,Male,Number,28421
Population estimates from 1926,2021,Under 1 year,Female,Number,27447
Population estimates from 1926,2021,1 year,Both sexes,Number,58014
Population estimates from 1926,2021,1 year,Male,Number,29573
Population estimates from 1926,2021,1 year,Female,Number,28441
Population estimates from 1926,2021,2 years,Both sexes,Number,59718
Population estimates from 1926,2021,2 years,Male,Number,30462
Population estimates from 1926,2021,2 years,Female,Number,29256
Population estimates from 1926,2021,3 years,Both sexes,Number,63108
Population estimates from 1926,2021,3 years,Male,Number,32494
Population estimates from 1926,2021,3 years,Female,Number,30614
Population estimates from 1926,2021,4 years,Both sexes,Number,64158
Population estimates from 1926,2021,4 years,Male,Number,33166
Population estimates from 1926,2021,4 years,Female,Number,30992
Population estimates from 1926,2021,5 years,Both sexes,Number,64283
Population estimates from 1926,2021,5 years,Male,Number,33359
Population estimates from 1926,2021,5 years,Female,Number,30924
Population estimates from 1926,2021,6 years,Both sexes,Number,66499
Population estimates from 1926,2021,6 years,Male,Number,34117
Population estimates from 1926,2021,6 years,Female,Number,32382
Population estimates from 1926,2021,7 years,Both sexes,Number,68850
Population estimates from 1926,2021,7 years,Male,Number,35338
Population estimates from 1926,2021,7 years,Female,Number,33512
Population estimates from 1926,2021,8 years,Both sexes,Number,70358
Population estimates from 1926,2021,8 years,Male,Number,35940
Population estimates from 1926,2021,8 years,Female,Number,34418
Population estimates from 1926,2021,9 years,Both sexes,Number,72714
Population estimates from 1926,2021,9 years,Male,Number,37246
Population estimates from 1926,2021,9 years,Female,Number,35468
Population estimates from 1926,2021,10 years,Both sexes,Number,74024
Population estimates from 1926,2021,10 years,Male,Number,37665
Population estimates from 1926,2021,10 years,Female,Number,36359
Population estimates from 1926,2021,11 years,Both sexes,Number,74585
Population estimates from 1926,2021,11 years,Male,Number,38094
Population estimates from 1926,2021,11 years,Female,Number,36491
Population estimates from 1926,2021,12 years,Both sexes,Number,73922
Population estimates from 1926,2021,12 years,Male,Number,37706
Population estimates from 1926,2021,12 years,Female,Number,36216
Population estimates from 1926,2021,13 years,Both sexes,Number,72698
Population estimates from 1926,2021,13 years,Male,Number,36956
Population estimates from 1926,2021,13 years,Female,Number,35742
Population estimates from 1926,2021,14 years,Both sexes,Number,68803
Population estimates from 1926,2021,14 years,Male,Number,35147
Population estimates from 1926,2021,14 years,Female,Number,33656
Population estimates from 1926,2021,15 years,Both sexes,Number,66694
Population estimates from 1926,2021,15 years,Male,Number,34057
Population estimates from 1926,2021,15 years,Female,Number,32637
Population estimates from 1926,2021,16 years,Both sexes,Number,66321
Population estimates from 1926,2021,16 years,Male,Number,34172
Population estimates from 1926,2021,16 years,Female,Number,32149
Population estimates from 1926,2021,17 years,Both sexes,Number,66372
Population estimates from 1926,2021,17 years,Male,Number,33733
Population estimates from 1926,2021,17 years,Female,Number,32639
Population estimates from 1926,2021,18 years,Both sexes,Number,65051
Population estimates from 1926,2021,18 years,Male,Number,33028
Population estimates from 1926,2021,18 years,Female,Number,32023
Population estimates from 1926,2021,19 years,Both sexes,Number,64527
Population estimates from 1926,2021,19 years,Male,Number,32615
Population estimates from 1926,2021,19 years,Female,Number,31912
Population estimates from 1926,2021,20 years,Both sexes,Number,62599
Population estimates from 1926,2021,20 years,Male,Number,31682
Population estimates from 1926,2021,20 years,Female,Number,30917
Population estimates from 1926,2021,21 years,Both sexes,Number,62619
Population estimates from 1926,2021,21 years,Male,Number,31851
Population estimates from 1926,2021,21 years,Female,Number,30768
Population estimates from 1926,2021,22 years,Both sexes,Number,63377
Population estimates from 1926,2021,22 years,Male,Number,32111
Population estimates from 1926,2021,22 years,Female,Number,31266
Population estimates from 1926,2021,23 years,Both sexes,Number,62826
Population estimates from 1926,2021,23 years,Male,Number,32085
Population estimates from 1926,2021,23 years,Female,Number,30741
Population estimates from 1926,2021,24 years,Both sexes,Number,59969
Population estimates from 1926,2021,24 years,Male,Number,30572
Population estimates from 1926,2021,24 years,Female,Number,29397
Population estimates from 1926,2021,25 years,Both sexes,Number,58326
Population estimates from 1926,2021,25 years,Male,Number,29486
Population estimates from 1926,2021,25 years,Female,Number,28840
Population estimates from 1926,2021,26 years,Both sexes,Number,58761
Population estimates from 1926,2021,26 years,Male,Number,29558
Population estimates from 1926,2021,26 years,Female,Number,29203
Population estimates from 1926,2021,27 years,Both sexes,Number,58383
Population estimates from 1926,2021,27 years,Male,Number,29250
Population estimates from 1926,2021,27 years,Female,Number,29133
Population estimates from 1926,2021,28 years,Both sexes,Number,58740
Population estimates from 1926,2021,28 years,Male,Number,29514
Population estimates from 1926,2021,28 years,Female,Number,29226
Population estimates from 1926,2021,29 years,Both sexes,Number,60633
Population estimates from 1926,2021,29 years,Male,Number,29702
Population estimates from 1926,2021,29 years,Female,Number,30931
Population estimates from 1926,2021,30 years,Both sexes,Number,63947
Population estimates from 1926,2021,30 years,Male,Number,31827
Population estimates from 1926,2021,30 years,Female,Number,32120
Population estimates from 1926,2021,31 years,Both sexes,Number,63850
Population estimates from 1926,2021,31 years,Male,Number,31153
Population estimates from 1926,2021,31 years,Female,Number,32697
Population estimates from 1926,2021,32 years,Both sexes,Number,66868
Population estimates from 1926,2021,32 years,Male,Number,32687
Population estimates from 1926,2021,32 years,Female,Number,34181
Population estimates from 1926,2021,33 years,Both sexes,Number,66406
Population estimates from 1926,2021,33 years,Male,Number,31983
Population estimates from 1926,2021,33 years,Female,Number,34423
Population estimates from 1926,2021,34 years,Both sexes,Number,69399
Population estimates from 1926,2021,34 years,Male,Number,33382
Population estimates from 1926,2021,34 years,Female,Number,36017
Population estimates from 1926,2021,35 years,Both sexes,Number,72631
Population estimates from 1926,2021,35 years,Male,Number,34962
Population estimates from 1926,2021,35 years,Female,Number,37669
Population estimates from 1926,2021,36 years,Both sexes,Number,73287
Population estimates from 1926,2021,36 years,Male,Number,35352
Population estimates from 1926,2021,36 years,Female,Number,37935
Population estimates from 1926,2021,37 years,Both sexes,Number,75855
Population estimates from 1926,2021,37 years,Male,Number,36440
Population estimates from 1926,2021,37 years,Female,Number,39415
Population estimates from 1926,2021,38 years,Both sexes,Number,79507
Population estimates from 1926,2021,38 years,Male,Number,38083
Population estimates from 1926,2021,38 years,Female,Number,41424
Population estimates from 1926,2021,39 years,Both sexes,Number,81727
Population estimates from 1926,2021,39 years,Male,Number,39482
Population estimates from 1926,2021,39 years,Female,Number,42245
Population estimates from 1926,2021,40 years,Both sexes,Number,84033
Population estimates from 1926,2021,40 years,Male,Number,40943
Population estimates from 1926,2021,40 years,Female,Number,43090
Population estimates from 1926,2021,41 years,Both sexes,Number,85923
Population estimates from 1926,2021,41 years,Male,Number,42184
Population estimates from 1926,2021,41 years,Female,Number,43739
Population estimates from 1926,2021,42 years,Both sexes,Number,79925
Population estimates from 1926,2021,42 years,Male,Number,38789
Population estimates from 1926,2021,42 years,Female,Number,41136
Population estimates from 1926,2021,43 years,Both sexes,Number,77530
Population estimates from 1926,2021,43 years,Male,Number,38104
Population estimates from 1926,2021,43 years,Female,Number,39426
Population estimates from 1926,2021,44 years,Both sexes,Number,76172
Population estimates from 1926,2021,44 years,Male,Number,37472
Population estimates from 1926,2021,44 years,Female,Number,38700
Population estimates from 1926,2021,45 years,Both sexes,Number,76693
Population estimates from 1926,2021,45 years,Male,Number,38251
Population estimates from 1926,2021,45 years,Female,Number,38442
Population estimates from 1926,2021,46 years,Both sexes,Number,74399
Population estimates from 1926,2021,46 years,Male,Number,37008
Population estimates from 1926,2021,46 years,Female,Number,37391
Population estimates from 1926,2021,47 years,Both sexes,Number,73279
Population estimates from 1926,2021,47 years,Male,Number,36363
Population estimates from 1926,2021,47 years,Female,Number,36916
Population estimates from 1926,2021,48 years,Both sexes,Number,72730
Population estimates from 1926,2021,48 years,Male,Number,36139
Population estimates from 1926,2021,48 years,Female,Number,36591
Population estimates from 1926,2021,49 years,Both sexes,Number,71066
Population estimates from 1926,2021,49 years,Male,Number,35344
Population estimates from 1926,2021,49 years,Female,Number,35722
Population estimates from 1926,2021,50 years,Both sexes,Number,70666
Population estimates from 1926,2021,50 years,Male,Number,35347
Population estimates from 1926,2021,50 years,Female,Number,35319
Population estimates from 1926,2021,51 years,Both sexes,Number,68074
Population estimates from 1926,2021,51 years,Male,Number,34009
Population estimates from 1926,2021,51 years,Female,Number,34065
Population estimates from 1926,2021,52 years,Both sexes,Number,64571
Population estimates from 1926,2021,52 years,Male,Number,32509
Population estimates from 1926,2021,52 years,Female,Number,32062
Population estimates from 1926,2021,53 years,Both sexes,Number,63766
Population estimates from 1926,2021,53 years,Male,Number,31824
Population estimates from 1926,2021,53 years,Female,Number,31942
Population estimates from 1926,2021,54 years,Both sexes,Number,62466
Population estimates from 1926,2021,54 years,Male,Number,31139
Population estimates from 1926,2021,54 years,Female,Number,31327
Population estimates from 1926,2021,55 years,Both sexes,Number,62283
Population estimates from 1926,2021,55 years,Male,Number,30910
Population estimates from 1926,2021,55 years,Female,Number,31373
Population estimates from 1926,2021,56 years,Both sexes,Number,62116
Population estimates from 1926,2021,56 years,Male,Number,30629
Population estimates from 1926,2021,56 years,Female,Number,31487
Population estimates from 1926,2021,57 years,Both sexes,Number,60514
Population estimates from 1926,2021,57 years,Male,Number,29865
Population estimates from 1926,2021,57 years,Female,Number,30649
Population estimates from 1926,2021,58 years,Both sexes,Number,59064
Population estimates from 1926,2021,58 years,Male,Number,29192
Population estimates from 1926,2021,58 years,Female,Number,29872
Population estimates from 1926,2021,59 years,Both sexes,Number,57217
Population estimates from 1926,2021,59 years,Male,Number,28375
Population estimates from 1926,2021,59 years,Female,Number,28842
Population estimates from 1926,2021,60 years,Both sexes,Number,57192
Population estimates from 1926,2021,60 years,Male,Number,28193
Population estimates from 1926,2021,60 years,Female,Number,28999
Population estimates from 1926,2021,61 years,Both sexes,Number,54726
Population estimates from 1926,2021,61 years,Male,Number,26861
Population estimates from 1926,2021,61 years,Female,Number,27865
Population estimates from 1926,2021,62 years,Both sexes,Number,54122
Population estimates from 1926,2021,62 years,Male,Number,26891
Population estimates from 1926,2021,62 years,Female,Number,27231
Population estimates from 1926,2021,63 years,Both sexes,Number,51825
Population estimates from 1926,2021,63 years,Male,Number,25609
Population estimates from 1926,2021,63 years,Female,Number,26216
Population estimates from 1926,2021,64 years,Both sexes,Number,50590
Population estimates from 1926,2021,64 years,Male,Number,25129
Population estimates from 1926,2021,64 years,Female,Number,25461
Population estimates from 1926,2021,65 years,Both sexes,Number,49080
Population estimates from 1926,2021,65 years,Male,Number,24315
Population estimates from 1926,2021,65 years,Female,Number,24765
Population estimates from 1926,2021,66 years,Both sexes,Number,48082
Population estimates from 1926,2021,66 years,Male,Number,23659
Population estimates from 1926,2021,66 years,Female,Number,24423
Population estimates from 1926,2021,67 years,Both sexes,Number,47114
Population estimates from 1926,2021,67 years,Male,Number,23303
Population estimates from 1926,2021,67 years,Female,Number,23811
Population estimates from 1926,2021,68 years,Both sexes,Number,45581
Population estimates from 1926,2021,68 years,Male,Number,22496
Population estimates from 1926,2021,68 years,Female,Number,23085
Population estimates from 1926,2021,69 years,Both sexes,Number,44224
Population estimates from 1926,2021,69 years,Male,Number,21739
Population estimates from 1926,2021,69 years,Female,Number,22485
Population estimates from 1926,2021,70 years,Both sexes,Number,41582
Population estimates from 1926,2021,70 years,Male,Number,20640
Population estimates from 1926,2021,70 years,Female,Number,20942
Population estimates from 1926,2021,71 years,Both sexes,Number,40922
Population estimates from 1926,2021,71 years,Male,Number,20054
Population estimates from 1926,2021,71 years,Female,Number,20868
Population estimates from 1926,2021,72 years,Both sexes,Number,39354
Population estimates from 1926,2021,72 years,Male,Number,19260
Population estimates from 1926,2021,72 years,Female,Number,20094
Population estimates from 1926,2021,73 years,Both sexes,Number,38068
Population estimates from 1926,2021,73 years,Male,Number,18725
Population estimates from 1926,2021,73 years,Female,Number,19343
Population estimates from 1926,2021,74 years,Both sexes,Number,36302
Population estimates from 1926,2021,74 years,Male,Number,17772
Population estimates from 1926,2021,74 years,Female,Number,18530
Population estimates from 1926,2021,75 years,Both sexes,Number,34334
Population estimates from 1926,2021,75 years,Male,Number,16646
Population estimates from 1926,2021,75 years,Female,Number,17688
Population estimates from 1926,2021,76 years,Both sexes,Number,32509
Population estimates from 1926,2021,76 years,Male,Number,15597
Population estimates from 1926,2021,76 years,Female,Number,16912
Population estimates from 1926,2021,77 years,Both sexes,Number,28583
Population estimates from 1926,2021,77 years,Male,Number,13730
Population estimates from 1926,2021,77 years,Female,Number,14853
Population estimates from 1926,2021,78 years,Both sexes,Number,26414
Population estimates from 1926,2021,78 years,Male,Number,12440
Population estimates from 1926,2021,78 years,Female,Number,13974
Population estimates from 1926,2021,79 years,Both sexes,Number,25381
Population estimates from 1926,2021,79 years,Male,Number,11986
Population estimates from 1926,2021,79 years,Female,Number,13395
Population estimates from 1926,2021,80 years,Both sexes,Number,21267
Population estimates from 1926,2021,80 years,Male,Number,9812
Population estimates from 1926,2021,80 years,Female,Number,11455
Population estimates from 1926,2021,81 years,Both sexes,Number,20110
Population estimates from 1926,2021,81 years,Male,Number,9239
Population estimates from 1926,2021,81 years,Female,Number,10871
Population estimates from 1926,2021,82 years,Both sexes,Number,18537
Population estimates from 1926,2021,82 years,Male,Number,8296
Population estimates from 1926,2021,82 years,Female,Number,10241
Population estimates from 1926,2021,83 years,Both sexes,Number,16815
Population estimates from 1926,2021,83 years,Male,Number,7376
Population estimates from 1926,2021,83 years,Female,Number,9439
Population estimates from 1926,2021,84 years,Both sexes,Number,15646
Population estimates from 1926,2021,84 years,Male,Number,6852
Population estimates from 1926,2021,84 years,Female,Number,8794
Population estimates from 1926,2021,85 years,Both sexes,Number,13858
Population estimates from 1926,2021,85 years,Male,Number,5927
Population estimates from 1926,2021,85 years,Female,Number,7931
Population estimates from 1926,2021,86 years,Both sexes,Number,11792
Population estimates from 1926,2021,86 years,Male,Number,4952
Population estimates from 1926,2021,86 years,Female,Number,6840
Population estimates from 1926,2021,87 years,Both sexes,Number,9991
Population estimates from 1926,2021,87 years,Male,Number,4138
Population estimates from 1926,2021,87 years,Female,Number,5853
Population estimates from 1926,2021,88 years,Both sexes,Number,8391
Population estimates from 1926,2021,88 years,Male,Number,3408
Population estimates from 1926,2021,88 years,Female,Number,4983
Population estimates from 1926,2021,89 years,Both sexes,Number,7285
Population estimates from 1926,2021,89 years,Male,Number,2835
Population estimates from 1926,2021,89 years,Female,Number,4450
Population estimates from 1926,2021,90 years,Both sexes,Number,6220
Population estimates from 1926,2021,90 years,Male,Number,1961
Population estimates from 1926,2021,90 years,Female,Number,4259
Population estimates from 1926,2021,91 years,Both sexes,Number,5535
Population estimates from 1926,2021,91 years,Male,Number,1734
Population estimates from 1926,2021,91 years,Female,Number,3801
Population estimates from 1926,2021,92 years,Both sexes,Number,3900
Population estimates from 1926,2021,92 years,Male,Number,1067
Population estimates from 1926,2021,92 years,Female,Number,2833
Population estimates from 1926,2021,93 years,Both sexes,Number,3070
Population estimates from 1926,2021,93 years,Male,Number,818
Population estimates from 1926,2021,93 years,Female,Number,2252
Population estimates from 1926,2021,94 years,Both sexes,Number,2298
Population estimates from 1926,2021,94 years,Male,Number,586
Population estimates from 1926,2021,94 years,Female,Number,1712
Population estimates from 1926,2021,95 years,Both sexes,Number,1489
Population estimates from 1926,2021,95 years,Male,Number,300
Population estimates from 1926,2021,95 years,Female,Number,1189
Population estimates from 1926,2021,96 years,Both sexes,Number,1086
Population estimates from 1926,2021,96 years,Male,Number,259
Population estimates from 1926,2021,96 years,Female,Number,827
Population estimates from 1926,2021,97 years,Both sexes,Number,896
Population estimates from 1926,2021,97 years,Male,Number,208
Population estimates from 1926,2021,97 years,Female,Number,688
Population estimates from 1926,2021,98 years,Both sexes,Number,597
Population estimates from 1926,2021,98 years,Male,Number,152
Population estimates from 1926,2021,98 years,Female,Number,445
Population estimates from 1926,2021,99 years and over,Both sexes,Number,1136
Population estimates from 1926,2021,99 years and over,Male,Number,211
Population estimates from 1926,2021,99 years and over,Female,Number,925
Population estimates from 1926,2022,All ages,Both sexes,Number,5183966
Population estimates from 1926,2022,All ages,Male,Number,2561954
Population estimates from 1926,2022,All ages,Female,Number,2622012
Population estimates from 1926,2022,Under 1 year,Both sexes,Number,57684
Population estimates from 1926,2022,Under 1 year,Male,Number,29546
Population estimates from 1926,2022,Under 1 year,Female,Number,28138
Population estimates from 1926,2022,1 year,Both sexes,Number,56631
Population estimates from 1926,2022,1 year,Male,Number,28985
Population estimates from 1926,2022,1 year,Female,Number,27646
Population estimates from 1926,2022,2 years,Both sexes,Number,59250
Population estimates from 1926,2022,2 years,Male,Number,30263
Population estimates from 1926,2022,2 years,Female,Number,28987
Population estimates from 1926,2022,3 years,Both sexes,Number,60596
Population estimates from 1926,2022,3 years,Male,Number,31050
Population estimates from 1926,2022,3 years,Female,Number,29546
Population estimates from 1926,2022,4 years,Both sexes,Number,61673
Population estimates from 1926,2022,4 years,Male,Number,31743
Population estimates from 1926,2022,4 years,Female,Number,29930
Population estimates from 1926,2022,5 years,Both sexes,Number,64232
Population estimates from 1926,2022,5 years,Male,Number,32787
Population estimates from 1926,2022,5 years,Female,Number,31445
Population estimates from 1926,2022,6 years,Both sexes,Number,66903
Population estimates from 1926,2022,6 years,Male,Number,34168
Population estimates from 1926,2022,6 years,Female,Number,32735
Population estimates from 1926,2022,7 years,Both sexes,Number,69184
Population estimates from 1926,2022,7 years,Male,Number,35529
Population estimates from 1926,2022,7 years,Female,Number,33655
Population estimates from 1926,2022,8 years,Both sexes,Number,70916
Population estimates from 1926,2022,8 years,Male,Number,36369
Population estimates from 1926,2022,8 years,Female,Number,34547
Population estimates from 1926,2022,9 years,Both sexes,Number,72344
Population estimates from 1926,2022,9 years,Male,Number,37048
Population estimates from 1926,2022,9 years,Female,Number,35296
Population estimates from 1926,2022,10 years,Both sexes,Number,74362
Population estimates from 1926,2022,10 years,Male,Number,38187
Population estimates from 1926,2022,10 years,Female,Number,36175
Population estimates from 1926,2022,11 years,Both sexes,Number,75309
Population estimates from 1926,2022,11 years,Male,Number,38391
Population estimates from 1926,2022,11 years,Female,Number,36918
Population estimates from 1926,2022,12 years,Both sexes,Number,76409
Population estimates from 1926,2022,12 years,Male,Number,39036
Population estimates from 1926,2022,12 years,Female,Number,37373
Population estimates from 1926,2022,13 years,Both sexes,Number,75331
Population estimates from 1926,2022,13 years,Male,Number,38484
Population estimates from 1926,2022,13 years,Female,Number,36847
Population estimates from 1926,2022,14 years,Both sexes,Number,73468
Population estimates from 1926,2022,14 years,Male,Number,37415
Population estimates from 1926,2022,14 years,Female,Number,36053
Population estimates from 1926,2022,15 years,Both sexes,Number,70285
Population estimates from 1926,2022,15 years,Male,Number,35939
Population estimates from 1926,2022,15 years,Female,Number,34346
Population estimates from 1926,2022,16 years,Both sexes,Number,67922
Population estimates from 1926,2022,16 years,Male,Number,34734
Population estimates from 1926,2022,16 years,Female,Number,33188
Population estimates from 1926,2022,17 years,Both sexes,Number,67840
Population estimates from 1926,2022,17 years,Male,Number,34981
Population estimates from 1926,2022,17 years,Female,Number,32859
Population estimates from 1926,2022,18 years,Both sexes,Number,66667
Population estimates from 1926,2022,18 years,Male,Number,33907
Population estimates from 1926,2022,18 years,Female,Number,32760
Population estimates from 1926,2022,19 years,Both sexes,Number,65062
Population estimates from 1926,2022,19 years,Male,Number,33066
Population estimates from 1926,2022,19 years,Female,Number,31996
Population estimates from 1926,2022,20 years,Both sexes,Number,64285
Population estimates from 1926,2022,20 years,Male,Number,32481
Population estimates from 1926,2022,20 years,Female,Number,31804
Population estimates from 1926,2022,21 years,Both sexes,Number,62016
Population estimates from 1926,2022,21 years,Male,Number,31460
Population estimates from 1926,2022,21 years,Female,Number,30556
Population estimates from 1926,2022,22 years,Both sexes,Number,63148
Population estimates from 1926,2022,22 years,Male,Number,31905
Population estimates from 1926,2022,22 years,Female,Number,31243
Population estimates from 1926,2022,23 years,Both sexes,Number,61910
Population estimates from 1926,2022,23 years,Male,Number,31423
Population estimates from 1926,2022,23 years,Female,Number,30487
Population estimates from 1926,2022,24 years,Both sexes,Number,60582
Population estimates from 1926,2022,24 years,Male,Number,30737
Population estimates from 1926,2022,24 years,Female,Number,29845
Population estimates from 1926,2022,25 years,Both sexes,Number,60299
Population estimates from 1926,2022,25 years,Male,Number,30489
Population estimates from 1926,2022,25 years,Female,Number,29810
Population estimates from 1926,2022,26 years,Both sexes,Number,58928
Population estimates from 1926,2022,26 years,Male,Number,29700
Population estimates from 1926,2022,26 years,Female,Number,29228
Population estimates from 1926,2022,27 years,Both sexes,Number,59374
Population estimates from 1926,2022,27 years,Male,Number,29492
Population estimates from 1926,2022,27 years,Female,Number,29882
Population estimates from 1926,2022,28 years,Both sexes,Number,59200
Population estimates from 1926,2022,28 years,Male,Number,29191
Population estimates from 1926,2022,28 years,Female,Number,30009
Population estimates from 1926,2022,29 years,Both sexes,Number,61333
Population estimates from 1926,2022,29 years,Male,Number,30220
Population estimates from 1926,2022,29 years,Female,Number,31113
Population estimates from 1926,2022,30 years,Both sexes,Number,64580
Population estimates from 1926,2022,30 years,Male,Number,31289
Population estimates from 1926,2022,30 years,Female,Number,33291
Population estimates from 1926,2022,31 years,Both sexes,Number,66283
Population estimates from 1926,2022,31 years,Male,Number,32386
Population estimates from 1926,2022,31 years,Female,Number,33897
Population estimates from 1926,2022,32 years,Both sexes,Number,67159
Population estimates from 1926,2022,32 years,Male,Number,32518
Population estimates from 1926,2022,32 years,Female,Number,34641
Population estimates from 1926,2022,33 years,Both sexes,Number,66717
Population estimates from 1926,2022,33 years,Male,Number,32003
Population estimates from 1926,2022,33 years,Female,Number,34714
Population estimates from 1926,2022,34 years,Both sexes,Number,69787
Population estimates from 1926,2022,34 years,Male,Number,33231
Population estimates from 1926,2022,34 years,Female,Number,36556
Population estimates from 1926,2022,35 years,Both sexes,Number,73565
Population estimates from 1926,2022,35 years,Male,Number,35118
Population estimates from 1926,2022,35 years,Female,Number,38447
Population estimates from 1926,2022,36 years,Both sexes,Number,75211
Population estimates from 1926,2022,36 years,Male,Number,35934
Population estimates from 1926,2022,36 years,Female,Number,39277
Population estimates from 1926,2022,37 years,Both sexes,Number,76151
Population estimates from 1926,2022,37 years,Male,Number,36580
Population estimates from 1926,2022,37 years,Female,Number,39571
Population estimates from 1926,2022,38 years,Both sexes,Number,79016
Population estimates from 1926,2022,38 years,Male,Number,37770
Population estimates from 1926,2022,38 years,Female,Number,41246
Population estimates from 1926,2022,39 years,Both sexes,Number,81867
Population estimates from 1926,2022,39 years,Male,Number,38941
Population estimates from 1926,2022,39 years,Female,Number,42926
Population estimates from 1926,2022,40 years,Both sexes,Number,84847
Population estimates from 1926,2022,40 years,Male,Number,40992
Population estimates from 1926,2022,40 years,Female,Number,43855
Population estimates from 1926,2022,41 years,Both sexes,Number,85510
Population estimates from 1926,2022,41 years,Male,Number,41594
Population estimates from 1926,2022,41 years,Female,Number,43916
Population estimates from 1926,2022,42 years,Both sexes,Number,85562
Population estimates from 1926,2022,42 years,Male,Number,41906
Population estimates from 1926,2022,42 years,Female,Number,43656
Population estimates from 1926,2022,43 years,Both sexes,Number,81081
Population estimates from 1926,2022,43 years,Male,Number,39469
Population estimates from 1926,2022,43 years,Female,Number,41612
Population estimates from 1926,2022,44 years,Both sexes,Number,77726
Population estimates from 1926,2022,44 years,Male,Number,38112
Population estimates from 1926,2022,44 years,Female,Number,39614
Population estimates from 1926,2022,45 years,Both sexes,Number,77106
Population estimates from 1926,2022,45 years,Male,Number,38181
Population estimates from 1926,2022,45 years,Female,Number,38925
Population estimates from 1926,2022,46 years,Both sexes,Number,75821
Population estimates from 1926,2022,46 years,Male,Number,37494
Population estimates from 1926,2022,46 years,Female,Number,38327
Population estimates from 1926,2022,47 years,Both sexes,Number,74852
Population estimates from 1926,2022,47 years,Male,Number,37191
Population estimates from 1926,2022,47 years,Female,Number,37661
Population estimates from 1926,2022,48 years,Both sexes,Number,74064
Population estimates from 1926,2022,48 years,Male,Number,36716
Population estimates from 1926,2022,48 years,Female,Number,37348
Population estimates from 1926,2022,49 years,Both sexes,Number,74162
Population estimates from 1926,2022,49 years,Male,Number,36901
Population estimates from 1926,2022,49 years,Female,Number,37261
Population estimates from 1926,2022,50 years,Both sexes,Number,73528
Population estimates from 1926,2022,50 years,Male,Number,36699
Population estimates from 1926,2022,50 years,Female,Number,36829
Population estimates from 1926,2022,51 years,Both sexes,Number,70348
Population estimates from 1926,2022,51 years,Male,Number,35102
Population estimates from 1926,2022,51 years,Female,Number,35246
Population estimates from 1926,2022,52 years,Both sexes,Number,69156
Population estimates from 1926,2022,52 years,Male,Number,34538
Population estimates from 1926,2022,52 years,Female,Number,34618
Population estimates from 1926,2022,53 years,Both sexes,Number,65229
Population estimates from 1926,2022,53 years,Male,Number,32837
Population estimates from 1926,2022,53 years,Female,Number,32392
Population estimates from 1926,2022,54 years,Both sexes,Number,64618
Population estimates from 1926,2022,54 years,Male,Number,32266
Population estimates from 1926,2022,54 years,Female,Number,32352
Population estimates from 1926,2022,55 years,Both sexes,Number,63761
Population estimates from 1926,2022,55 years,Male,Number,31799
Population estimates from 1926,2022,55 years,Female,Number,31962
Population estimates from 1926,2022,56 years,Both sexes,Number,62359
Population estimates from 1926,2022,56 years,Male,Number,30921
Population estimates from 1926,2022,56 years,Female,Number,31438
Population estimates from 1926,2022,57 years,Both sexes,Number,63101
Population estimates from 1926,2022,57 years,Male,Number,31079
Population estimates from 1926,2022,57 years,Female,Number,32022
Population estimates from 1926,2022,58 years,Both sexes,Number,60908
Population estimates from 1926,2022,58 years,Male,Number,30029
Population estimates from 1926,2022,58 years,Female,Number,30879
Population estimates from 1926,2022,59 years,Both sexes,Number,59615
Population estimates from 1926,2022,59 years,Male,Number,29408
Population estimates from 1926,2022,59 years,Female,Number,30207
Population estimates from 1926,2022,60 years,Both sexes,Number,58920
Population estimates from 1926,2022,60 years,Male,Number,29163
Population estimates from 1926,2022,60 years,Female,Number,29757
Population estimates from 1926,2022,61 years,Both sexes,Number,57109
Population estimates from 1926,2022,61 years,Male,Number,28010
Population estimates from 1926,2022,61 years,Female,Number,29099
Population estimates from 1926,2022,62 years,Both sexes,Number,55525
Population estimates from 1926,2022,62 years,Male,Number,27386
Population estimates from 1926,2022,62 years,Female,Number,28139
Population estimates from 1926,2022,63 years,Both sexes,Number,52647
Population estimates from 1926,2022,63 years,Male,Number,26138
Population estimates from 1926,2022,63 years,Female,Number,26509
Population estimates from 1926,2022,64 years,Both sexes,Number,51633
Population estimates from 1926,2022,64 years,Male,Number,25318
Population estimates from 1926,2022,64 years,Female,Number,26315
Population estimates from 1926,2022,65 years,Both sexes,Number,50991
Population estimates from 1926,2022,65 years,Male,Number,25345
Population estimates from 1926,2022,65 years,Female,Number,25646
Population estimates from 1926,2022,66 years,Both sexes,Number,48871
Population estimates from 1926,2022,66 years,Male,Number,24004
Population estimates from 1926,2022,66 years,Female,Number,24867
Population estimates from 1926,2022,67 years,Both sexes,Number,48501
Population estimates from 1926,2022,67 years,Male,Number,23827
Population estimates from 1926,2022,67 years,Female,Number,24674
Population estimates from 1926,2022,68 years,Both sexes,Number,45890
Population estimates from 1926,2022,68 years,Male,Number,22711
Population estimates from 1926,2022,68 years,Female,Number,23179
Population estimates from 1926,2022,69 years,Both sexes,Number,46229
Population estimates from 1926,2022,69 years,Male,Number,22708
Population estimates from 1926,2022,69 years,Female,Number,23521
Population estimates from 1926,2022,70 years,Both sexes,Number,44013
Population estimates from 1926,2022,70 years,Male,Number,21647
Population estimates from 1926,2022,70 years,Female,Number,22366
Population estimates from 1926,2022,71 years,Both sexes,Number,41933
Population estimates from 1926,2022,71 years,Male,Number,20585
Population estimates from 1926,2022,71 years,Female,Number,21348
Population estimates from 1926,2022,72 years,Both sexes,Number,41412
Population estimates from 1926,2022,72 years,Male,Number,20118
Population estimates from 1926,2022,72 years,Female,Number,21294
Population estimates from 1926,2022,73 years,Both sexes,Number,39497
Population estimates from 1926,2022,73 years,Male,Number,19247
Population estimates from 1926,2022,73 years,Female,Number,20250
Population estimates from 1926,2022,74 years,Both sexes,Number,37829
Population estimates from 1926,2022,74 years,Male,Number,18570
Population estimates from 1926,2022,74 years,Female,Number,19259
Population estimates from 1926,2022,75 years,Both sexes,Number,36087
Population estimates from 1926,2022,75 years,Male,Number,17638
Population estimates from 1926,2022,75 years,Female,Number,18449
Population estimates from 1926,2022,76 years,Both sexes,Number,33937
Population estimates from 1926,2022,76 years,Male,Number,16193
Population estimates from 1926,2022,76 years,Female,Number,17744
Population estimates from 1926,2022,77 years,Both sexes,Number,30686
Population estimates from 1926,2022,77 years,Male,Number,14671
Population estimates from 1926,2022,77 years,Female,Number,16015
Population estimates from 1926,2022,78 years,Both sexes,Number,28119
Population estimates from 1926,2022,78 years,Male,Number,13423
Population estimates from 1926,2022,78 years,Female,Number,14696
Population estimates from 1926,2022,79 years,Both sexes,Number,26188
Population estimates from 1926,2022,79 years,Male,Number,12212
Population estimates from 1926,2022,79 years,Female,Number,13976
Population estimates from 1926,2022,80 years,Both sexes,Number,23000
Population estimates from 1926,2022,80 years,Male,Number,10769
Population estimates from 1926,2022,80 years,Female,Number,12231
Population estimates from 1926,2022,81 years,Both sexes,Number,20672
Population estimates from 1926,2022,81 years,Male,Number,9486
Population estimates from 1926,2022,81 years,Female,Number,11186
Population estimates from 1926,2022,82 years,Both sexes,Number,19555
Population estimates from 1926,2022,82 years,Male,Number,8794
Population estimates from 1926,2022,82 years,Female,Number,10761
Population estimates from 1926,2022,83 years,Both sexes,Number,17890
Population estimates from 1926,2022,83 years,Male,Number,7920
Population estimates from 1926,2022,83 years,Female,Number,9970
Population estimates from 1926,2022,84 years,Both sexes,Number,15641
Population estimates from 1926,2022,84 years,Male,Number,6755
Population estimates from 1926,2022,84 years,Female,Number,8886
Population estimates from 1926,2022,85 years,Both sexes,Number,14486
Population estimates from 1926,2022,85 years,Male,Number,6174
Population estimates from 1926,2022,85 years,Female,Number,8312
Population estimates from 1926,2022,86 years,Both sexes,Number,12856
Population estimates from 1926,2022,86 years,Male,Number,5365
Population estimates from 1926,2022,86 years,Female,Number,7491
Population estimates from 1926,2022,87 years,Both sexes,Number,11255
Population estimates from 1926,2022,87 years,Male,Number,4499
Population estimates from 1926,2022,87 years,Female,Number,6756
Population estimates from 1926,2022,88 years,Both sexes,Number,9696
Population estimates from 1926,2022,88 years,Male,Number,3772
Population estimates from 1926,2022,88 years,Female,Number,5924
Population estimates from 1926,2022,89 years,Both sexes,Number,7965
Population estimates from 1926,2022,89 years,Male,Number,3023
Population estimates from 1926,2022,89 years,Female,Number,4942
Population estimates from 1926,2022,90 years,Both sexes,Number,6724
Population estimates from 1926,2022,90 years,Male,Number,2446
Population estimates from 1926,2022,90 years,Female,Number,4278
Population estimates from 1926,2022,91 years,Both sexes,Number,5720
Population estimates from 1926,2022,91 years,Male,Number,1941
Population estimates from 1926,2022,91 years,Female,Number,3779
Population estimates from 1926,2022,92 years,Both sexes,Number,4094
Population estimates from 1926,2022,92 years,Male,Number,1297
Population estimates from 1926,2022,92 years,Female,Number,2797
Population estimates from 1926,2022,93 years,Both sexes,Number,3251
Population estimates from 1926,2022,93 years,Male,Number,937
Population estimates from 1926,2022,93 years,Female,Number,2314
Population estimates from 1926,2022,94 years,Both sexes,Number,2453
Population estimates from 1926,2022,94 years,Male,Number,717
Population estimates from 1926,2022,94 years,Female,Number,1736
Population estimates from 1926,2022,95 years,Both sexes,Number,1821
Population estimates from 1926,2022,95 years,Male,Number,481
Population estimates from 1926,2022,95 years,Female,Number,1340
Population estimates from 1926,2022,96 years,Both sexes,Number,1282
Population estimates from 1926,2022,96 years,Male,Number,327
Population estimates from 1926,2022,96 years,Female,Number,955
Population estimates from 1926,2022,97 years,Both sexes,Number,949
Population estimates from 1926,2022,97 years,Male,Number,218
Population estimates from 1926,2022,97 years,Female,Number,731
Population estimates from 1926,2022,98 years,Both sexes,Number,621
Population estimates from 1926,2022,98 years,Male,Number,130
Population estimates from 1926,2022,98 years,Female,Number,491
Population estimates from 1926,2022,99 years and over,Both sexes,Number,1185
Population estimates from 1926,2022,99 years and over,Male,Number,259
Population estimates from 1926,2022,99 years and over,Female,Number,926
Population estimates from 1926,2023,All ages,Both sexes,Number,5281612
Population estimates from 1926,2023,All ages,Male,Number,2606170
Population estimates from 1926,2023,All ages,Female,Number,2675442
Population estimates from 1926,2023,Under 1 year,Both sexes,Number,55716
Population estimates from 1926,2023,Under 1 year,Male,Number,27418
Population estimates from 1926,2023,Under 1 year,Female,Number,28298
Population estimates from 1926,2023,1 year,Both sexes,Number,58637
Population estimates from 1926,2023,1 year,Male,Number,29995
Population estimates from 1926,2023,1 year,Female,Number,28642
Population estimates from 1926,2023,2 years,Both sexes,Number,57598
Population estimates from 1926,2023,2 years,Male,Number,29499
Population estimates from 1926,2023,2 years,Female,Number,28099
Population estimates from 1926,2023,3 years,Both sexes,Number,60245
Population estimates from 1926,2023,3 years,Male,Number,30767
Population estimates from 1926,2023,3 years,Female,Number,29478
Population estimates from 1926,2023,4 years,Both sexes,Number,61573
Population estimates from 1926,2023,4 years,Male,Number,31496
Population estimates from 1926,2023,4 years,Female,Number,30077
Population estimates from 1926,2023,5 years,Both sexes,Number,62747
Population estimates from 1926,2023,5 years,Male,Number,32299
Population estimates from 1926,2023,5 years,Female,Number,30448
Population estimates from 1926,2023,6 years,Both sexes,Number,65358
Population estimates from 1926,2023,6 years,Male,Number,33317
Population estimates from 1926,2023,6 years,Female,Number,32041
Population estimates from 1926,2023,7 years,Both sexes,Number,68062
Population estimates from 1926,2023,7 years,Male,Number,34751
Population estimates from 1926,2023,7 years,Female,Number,33311
Population estimates from 1926,2023,8 years,Both sexes,Number,70395
Population estimates from 1926,2023,8 years,Male,Number,36126
Population estimates from 1926,2023,8 years,Female,Number,34269
Population estimates from 1926,2023,9 years,Both sexes,Number,72084
Population estimates from 1926,2023,9 years,Male,Number,36949
Population estimates from 1926,2023,9 years,Female,Number,35135
Population estimates from 1926,2023,10 years,Both sexes,Number,73540
Population estimates from 1926,2023,10 years,Male,Number,37651
Population estimates from 1926,2023,10 years,Female,Number,35889
Population estimates from 1926,2023,11 years,Both sexes,Number,75509
Population estimates from 1926,2023,11 years,Male,Number,38787
Population estimates from 1926,2023,11 years,Female,Number,36722
Population estimates from 1926,2023,12 years,Both sexes,Number,76424
Population estimates from 1926,2023,12 years,Male,Number,38961
Population estimates from 1926,2023,12 years,Female,Number,37463
Population estimates from 1926,2023,13 years,Both sexes,Number,77440
Population estimates from 1926,2023,13 years,Male,Number,39560
Population estimates from 1926,2023,13 years,Female,Number,37880
Population estimates from 1926,2023,14 years,Both sexes,Number,76311
Population estimates from 1926,2023,14 years,Male,Number,38968
Population estimates from 1926,2023,14 years,Female,Number,37343
Population estimates from 1926,2023,15 years,Both sexes,Number,74696
Population estimates from 1926,2023,15 years,Male,Number,37953
Population estimates from 1926,2023,15 years,Female,Number,36743
Population estimates from 1926,2023,16 years,Both sexes,Number,70807
Population estimates from 1926,2023,16 years,Male,Number,36196
Population estimates from 1926,2023,16 years,Female,Number,34611
Population estimates from 1926,2023,17 years,Both sexes,Number,68596
Population estimates from 1926,2023,17 years,Male,Number,35172
Population estimates from 1926,2023,17 years,Female,Number,33424
Population estimates from 1926,2023,18 years,Both sexes,Number,68402
Population estimates from 1926,2023,18 years,Male,Number,35322
Population estimates from 1926,2023,18 years,Female,Number,33080
Population estimates from 1926,2023,19 years,Both sexes,Number,66954
Population estimates from 1926,2023,19 years,Male,Number,34091
Population estimates from 1926,2023,19 years,Female,Number,32863
Population estimates from 1926,2023,20 years,Both sexes,Number,65359
Population estimates from 1926,2023,20 years,Male,Number,33292
Population estimates from 1926,2023,20 years,Female,Number,32067
Population estimates from 1926,2023,21 years,Both sexes,Number,64553
Population estimates from 1926,2023,21 years,Male,Number,32627
Population estimates from 1926,2023,21 years,Female,Number,31926
Population estimates from 1926,2023,22 years,Both sexes,Number,62414
Population estimates from 1926,2023,22 years,Male,Number,31663
Population estimates from 1926,2023,22 years,Female,Number,30751
Population estimates from 1926,2023,23 years,Both sexes,Number,63319
Population estimates from 1926,2023,23 years,Male,Number,32078
Population estimates from 1926,2023,23 years,Female,Number,31241
Population estimates from 1926,2023,24 years,Both sexes,Number,62115
Population estimates from 1926,2023,24 years,Male,Number,31616
Population estimates from 1926,2023,24 years,Female,Number,30499
Population estimates from 1926,2023,25 years,Both sexes,Number,61676
Population estimates from 1926,2023,25 years,Male,Number,31423
Population estimates from 1926,2023,25 years,Female,Number,30253
Population estimates from 1926,2023,26 years,Both sexes,Number,62704
Population estimates from 1926,2023,26 years,Male,Number,31648
Population estimates from 1926,2023,26 years,Female,Number,31056
Population estimates from 1926,2023,27 years,Both sexes,Number,61053
Population estimates from 1926,2023,27 years,Male,Number,30728
Population estimates from 1926,2023,27 years,Female,Number,30325
Population estimates from 1926,2023,28 years,Both sexes,Number,61605
Population estimates from 1926,2023,28 years,Male,Number,30567
Population estimates from 1926,2023,28 years,Female,Number,31038
Population estimates from 1926,2023,29 years,Both sexes,Number,61465
Population estimates from 1926,2023,29 years,Male,Number,30336
Population estimates from 1926,2023,29 years,Female,Number,31129
Population estimates from 1926,2023,30 years,Both sexes,Number,63533
Population estimates from 1926,2023,30 years,Male,Number,31210
Population estimates from 1926,2023,30 years,Female,Number,32323
Population estimates from 1926,2023,31 years,Both sexes,Number,66723
Population estimates from 1926,2023,31 years,Male,Number,32223
Population estimates from 1926,2023,31 years,Female,Number,34500
Population estimates from 1926,2023,32 years,Both sexes,Number,68518
Population estimates from 1926,2023,32 years,Male,Number,33451
Population estimates from 1926,2023,32 years,Female,Number,35067
Population estimates from 1926,2023,33 years,Both sexes,Number,69307
Population estimates from 1926,2023,33 years,Male,Number,33472
Population estimates from 1926,2023,33 years,Female,Number,35835
Population estimates from 1926,2023,34 years,Both sexes,Number,68901
Population estimates from 1926,2023,34 years,Male,Number,33038
Population estimates from 1926,2023,34 years,Female,Number,35863
Population estimates from 1926,2023,35 years,Both sexes,Number,72045
Population estimates from 1926,2023,35 years,Male,Number,34259
Population estimates from 1926,2023,35 years,Female,Number,37786
Population estimates from 1926,2023,36 years,Both sexes,Number,75773
Population estimates from 1926,2023,36 years,Male,Number,36070
Population estimates from 1926,2023,36 years,Female,Number,39703
Population estimates from 1926,2023,37 years,Both sexes,Number,77265
Population estimates from 1926,2023,37 years,Male,Number,36850
Population estimates from 1926,2023,37 years,Female,Number,40415
Population estimates from 1926,2023,38 years,Both sexes,Number,78308
Population estimates from 1926,2023,38 years,Male,Number,37473
Population estimates from 1926,2023,38 years,Female,Number,40835
Population estimates from 1926,2023,39 years,Both sexes,Number,81113
Population estimates from 1926,2023,39 years,Male,Number,38693
Population estimates from 1926,2023,39 years,Female,Number,42420
Population estimates from 1926,2023,40 years,Both sexes,Number,83736
Population estimates from 1926,2023,40 years,Male,Number,39757
Population estimates from 1926,2023,40 years,Female,Number,43979
Population estimates from 1926,2023,41 years,Both sexes,Number,86640
Population estimates from 1926,2023,41 years,Male,Number,41753
Population estimates from 1926,2023,41 years,Female,Number,44887
Population estimates from 1926,2023,42 years,Both sexes,Number,87230
Population estimates from 1926,2023,42 years,Male,Number,42276
Population estimates from 1926,2023,42 years,Female,Number,44954
Population estimates from 1926,2023,43 years,Both sexes,Number,87281
Population estimates from 1926,2023,43 years,Male,Number,42682
Population estimates from 1926,2023,43 years,Female,Number,44599
Population estimates from 1926,2023,44 years,Both sexes,Number,82847
Population estimates from 1926,2023,44 years,Male,Number,40263
Population estimates from 1926,2023,44 years,Female,Number,42584
Population estimates from 1926,2023,45 years,Both sexes,Number,78841
Population estimates from 1926,2023,45 years,Male,Number,38621
Population estimates from 1926,2023,45 years,Female,Number,40220
Population estimates from 1926,2023,46 years,Both sexes,Number,77652
Population estimates from 1926,2023,46 years,Male,Number,38335
Population estimates from 1926,2023,46 years,Female,Number,39317
Population estimates from 1926,2023,47 years,Both sexes,Number,76335
Population estimates from 1926,2023,47 years,Male,Number,37625
Population estimates from 1926,2023,47 years,Female,Number,38710
Population estimates from 1926,2023,48 years,Both sexes,Number,75337
Population estimates from 1926,2023,48 years,Male,Number,37282
Population estimates from 1926,2023,48 years,Female,Number,38055
Population estimates from 1926,2023,49 years,Both sexes,Number,74571
Population estimates from 1926,2023,49 years,Male,Number,36825
Population estimates from 1926,2023,49 years,Female,Number,37746
Population estimates from 1926,2023,50 years,Both sexes,Number,74617
Population estimates from 1926,2023,50 years,Male,Number,37020
Population estimates from 1926,2023,50 years,Female,Number,37597
Population estimates from 1926,2023,51 years,Both sexes,Number,73900
Population estimates from 1926,2023,51 years,Male,Number,36754
Population estimates from 1926,2023,51 years,Female,Number,37146
Population estimates from 1926,2023,52 years,Both sexes,Number,70705
Population estimates from 1926,2023,52 years,Male,Number,35160
Population estimates from 1926,2023,52 years,Female,Number,35545
Population estimates from 1926,2023,53 years,Both sexes,Number,69573
Population estimates from 1926,2023,53 years,Male,Number,34578
Population estimates from 1926,2023,53 years,Female,Number,34995
Population estimates from 1926,2023,54 years,Both sexes,Number,65677
Population estimates from 1926,2023,54 years,Male,Number,32931
Population estimates from 1926,2023,54 years,Female,Number,32746
Population estimates from 1926,2023,55 years,Both sexes,Number,64931
Population estimates from 1926,2023,55 years,Male,Number,32279
Population estimates from 1926,2023,55 years,Female,Number,32652
Population estimates from 1926,2023,56 years,Both sexes,Number,64063
Population estimates from 1926,2023,56 years,Male,Number,31789
Population estimates from 1926,2023,56 years,Female,Number,32274
Population estimates from 1926,2023,57 years,Both sexes,Number,62712
Population estimates from 1926,2023,57 years,Male,Number,30952
Population estimates from 1926,2023,57 years,Female,Number,31760
Population estimates from 1926,2023,58 years,Both sexes,Number,63386
Population estimates from 1926,2023,58 years,Male,Number,31079
Population estimates from 1926,2023,58 years,Female,Number,32307
Population estimates from 1926,2023,59 years,Both sexes,Number,61217
Population estimates from 1926,2023,59 years,Male,Number,30036
Population estimates from 1926,2023,59 years,Female,Number,31181
Population estimates from 1926,2023,60 years,Both sexes,Number,59936
Population estimates from 1926,2023,60 years,Male,Number,29466
Population estimates from 1926,2023,60 years,Female,Number,30470
Population estimates from 1926,2023,61 years,Both sexes,Number,59205
Population estimates from 1926,2023,61 years,Male,Number,29194
Population estimates from 1926,2023,61 years,Female,Number,30011
Population estimates from 1926,2023,62 years,Both sexes,Number,57388
Population estimates from 1926,2023,62 years,Male,Number,28027
Population estimates from 1926,2023,62 years,Female,Number,29361
Population estimates from 1926,2023,63 years,Both sexes,Number,55789
Population estimates from 1926,2023,63 years,Male,Number,27407
Population estimates from 1926,2023,63 years,Female,Number,28382
Population estimates from 1926,2023,64 years,Both sexes,Number,52904
Population estimates from 1926,2023,64 years,Male,Number,26156
Population estimates from 1926,2023,64 years,Female,Number,26748
Population estimates from 1926,2023,65 years,Both sexes,Number,51575
Population estimates from 1926,2023,65 years,Male,Number,25154
Population estimates from 1926,2023,65 years,Female,Number,26421
Population estimates from 1926,2023,66 years,Both sexes,Number,50772
Population estimates from 1926,2023,66 years,Male,Number,25140
Population estimates from 1926,2023,66 years,Female,Number,25632
Population estimates from 1926,2023,67 years,Both sexes,Number,48556
Population estimates from 1926,2023,67 years,Male,Number,23764
Population estimates from 1926,2023,67 years,Female,Number,24792
Population estimates from 1926,2023,68 years,Both sexes,Number,48298
Population estimates from 1926,2023,68 years,Male,Number,23663
Population estimates from 1926,2023,68 years,Female,Number,24635
Population estimates from 1926,2023,69 years,Both sexes,Number,45628
Population estimates from 1926,2023,69 years,Male,Number,22490
Population estimates from 1926,2023,69 years,Female,Number,23138
Population estimates from 1926,2023,70 years,Both sexes,Number,45793
Population estimates from 1926,2023,70 years,Male,Number,22392
Population estimates from 1926,2023,70 years,Female,Number,23401
Population estimates from 1926,2023,71 years,Both sexes,Number,43419
Population estimates from 1926,2023,71 years,Male,Number,21256
Population estimates from 1926,2023,71 years,Female,Number,22163
Population estimates from 1926,2023,72 years,Both sexes,Number,41412
Population estimates from 1926,2023,72 years,Male,Number,20241
Population estimates from 1926,2023,72 years,Female,Number,21171
Population estimates from 1926,2023,73 years,Both sexes,Number,40895
Population estimates from 1926,2023,73 years,Male,Number,19793
Population estimates from 1926,2023,73 years,Female,Number,21102
Population estimates from 1926,2023,74 years,Both sexes,Number,39026
Population estimates from 1926,2023,74 years,Male,Number,18929
Population estimates from 1926,2023,74 years,Female,Number,20097
Population estimates from 1926,2023,75 years,Both sexes,Number,36963
Population estimates from 1926,2023,75 years,Male,Number,18060
Population estimates from 1926,2023,75 years,Female,Number,18903
Population estimates from 1926,2023,76 years,Both sexes,Number,35086
Population estimates from 1926,2023,76 years,Male,Number,17038
Population estimates from 1926,2023,76 years,Female,Number,18048
Population estimates from 1926,2023,77 years,Both sexes,Number,32978
Population estimates from 1926,2023,77 years,Male,Number,15631
Population estimates from 1926,2023,77 years,Female,Number,17347
Population estimates from 1926,2023,78 years,Both sexes,Number,29757
Population estimates from 1926,2023,78 years,Male,Number,14120
Population estimates from 1926,2023,78 years,Female,Number,15637
Population estimates from 1926,2023,79 years,Both sexes,Number,27306
Population estimates from 1926,2023,79 years,Male,Number,12970
Population estimates from 1926,2023,79 years,Female,Number,14336
Population estimates from 1926,2023,80 years,Both sexes,Number,25056
Population estimates from 1926,2023,80 years,Male,Number,11608
Population estimates from 1926,2023,80 years,Female,Number,13448
Population estimates from 1926,2023,81 years,Both sexes,Number,21745
Population estimates from 1926,2023,81 years,Male,Number,10038
Population estimates from 1926,2023,81 years,Female,Number,11707
Population estimates from 1926,2023,82 years,Both sexes,Number,19552
Population estimates from 1926,2023,82 years,Male,Number,8892
Population estimates from 1926,2023,82 years,Female,Number,10660
Population estimates from 1926,2023,83 years,Both sexes,Number,18477
Population estimates from 1926,2023,83 years,Male,Number,8184
Population estimates from 1926,2023,83 years,Female,Number,10293
Population estimates from 1926,2023,84 years,Both sexes,Number,16930
Population estimates from 1926,2023,84 years,Male,Number,7427
Population estimates from 1926,2023,84 years,Female,Number,9503
Population estimates from 1926,2023,85 years,Both sexes,Number,13963
Population estimates from 1926,2023,85 years,Male,Number,5945
Population estimates from 1926,2023,85 years,Female,Number,8018
Population estimates from 1926,2023,86 years,Both sexes,Number,12534
Population estimates from 1926,2023,86 years,Male,Number,5302
Population estimates from 1926,2023,86 years,Female,Number,7232
Population estimates from 1926,2023,87 years,Both sexes,Number,11121
Population estimates from 1926,2023,87 years,Male,Number,4604
Population estimates from 1926,2023,87 years,Female,Number,6517
Population estimates from 1926,2023,88 years,Both sexes,Number,9778
Population estimates from 1926,2023,88 years,Male,Number,3891
Population estimates from 1926,2023,88 years,Female,Number,5887
Population estimates from 1926,2023,89 years,Both sexes,Number,8352
Population estimates from 1926,2023,89 years,Male,Number,3216
Population estimates from 1926,2023,89 years,Female,Number,5136
Population estimates from 1926,2023,90 years,Both sexes,Number,6911
Population estimates from 1926,2023,90 years,Male,Number,2579
Population estimates from 1926,2023,90 years,Female,Number,4332
Population estimates from 1926,2023,91 years,Both sexes,Number,5806
Population estimates from 1926,2023,91 years,Male,Number,2099
Population estimates from 1926,2023,91 years,Female,Number,3707
Population estimates from 1926,2023,92 years,Both sexes,Number,5001
Population estimates from 1926,2023,92 years,Male,Number,1670
Population estimates from 1926,2023,92 years,Female,Number,3331
Population estimates from 1926,2023,93 years,Both sexes,Number,3545
Population estimates from 1926,2023,93 years,Male,Number,1117
Population estimates from 1926,2023,93 years,Female,Number,2428
Population estimates from 1926,2023,94 years,Both sexes,Number,2807
Population estimates from 1926,2023,94 years,Male,Number,806
Population estimates from 1926,2023,94 years,Female,Number,2001
Population estimates from 1926,2023,95 years,Both sexes,Number,2128
Population estimates from 1926,2023,95 years,Male,Number,643
Population estimates from 1926,2023,95 years,Female,Number,1485
Population estimates from 1926,2023,96 years,Both sexes,Number,1581
Population estimates from 1926,2023,96 years,Male,Number,422
Population estimates from 1926,2023,96 years,Female,Number,1159
Population estimates from 1926,2023,97 years,Both sexes,Number,1116
Population estimates from 1926,2023,97 years,Male,Number,295
Population estimates from 1926,2023,97 years,Female,Number,821
Population estimates from 1926,2023,98 years,Both sexes,Number,829
Population estimates from 1926,2023,98 years,Male,Number,197
Population estimates from 1926,2023,98 years,Female,Number,632
Population estimates from 1926,2023,99 years and over,Both sexes,Number,1600
Population estimates from 1926,2023,99 years and over,Male,Number,352
Population estimates from 1926,2023,99 years and over,Female,Number,1248
